{"cameraMode":{"drawMode":0,"name":"Shaded","section":"Shading Mode"},"sceneLighting":true,"audioPlay":false,"sceneViewState":{"m_AlwaysRefresh":false,"showFog":true,"showSkybox":true,"showFlares":true,"showImageEffects":true,"showParticleSystems":true,"showVisualEffectGraphs":true,"m_FxEnabled":true},"in2DMode":false,"pivot":{"x":5.885206699371338,"y":3.4154679775238039,"z":-13.863609313964844},"rotation":{"x":0.005183355417102575,"y":-0.7228190898895264,"z":0.005420436151325703,"w":0.6910025477409363},"size":8.414214134216309,"orthographic":true}